review,rating
"This product is absolutely amazing! The quality is outstanding and exceeded all my expectations. Highly recommend!",5
"Very disappointed with this purchase. Poor quality and broke after one week. Complete waste of money.",1
"It's okay. Nothing special but does the job. Average quality for the price.",3
"Excellent product! The camera quality is superb and the battery life is great. Love it!",5
"Terrible experience. The customer service was horrible and the product arrived damaged.",1
"The design is beautiful and the screen is bright, but the performance is slow and battery life is poor.",3
"Best purchase ever! Fast shipping, great quality, and amazing features. Could not be happier!",5
"Not worth the money. Cheap materials and difficult to use. Very disappointed.",2
"Good product overall. Easy to use and decent quality. Would recommend for the price.",4
"Awful quality. Stopped working after 2 days. Customer service was unhelpful. Do not buy!",1
"The sound quality is excellent and the design is sleek, but it's a bit expensive.",4
"Perfect for my needs! Great value for money and works exactly as described.",5
"Mediocre product. Some features work well, others don't. Mixed feelings about this.",3
"Absolutely love this! The quality is premium and it looks beautiful. Worth every penny!",5
"Very frustrating experience. Complicated to set up and poor instructions. Not happy.",2
"Impressive quality and fast performance. The price is high but justified by the features.",4
"Horrible product. Cheap quality and doesn't work as advertised. Requesting a refund.",1
"It's fine for basic use. Nothing extraordinary but serves its purpose adequately.",3
"Outstanding! The camera is amazing, screen is beautiful, and battery lasts all day. Perfect!",5
"Disappointed with the quality. The materials feel cheap and it looks different from pictures.",2
"Great product! Easy to use, good quality, and excellent customer service. Very satisfied.",5
"The battery life is terrible and it's overpriced. However, the design is nice.",3
"Fantastic purchase! Exceeded expectations in every way. The quality is phenomenal!",5
"Poor value for money. Average quality and overpriced. There are better options available.",2
"Decent product. Works well for most tasks but has some limitations. Fair for the price.",3
